"tasa_solicitudes","uso_cpu","uso_memoria","uso_gpu","latencia_p50","latencia_p95","tasa_timeouts","longitud_cola","io_disco","red_entrada","red_salida"
173.893092779979,44.3232081652026,44.5750678616551,19.2623892782591,94.9773795028305,168.325760522591,0.102466340927289,7.70619549187079,50.0440368543919,61.491917721145,50.1002162038793
179.116316791385,51.8969456533889,50.4092499720063,27.3275918398201,97.7040732134735,168.204664080386,0.102466340927289,7.51155313553431,62.9352566927845,66.9210734566538,56.6876397349768
260.651575895326,70.2335210886004,65.138054395187,53.980724757245,104.155900436134,169.732259433584,0.102466340927289,6.26075946278134,55.930841171834,62.537794425143,64.8629161236683
213.948288347805,45.7493542547522,57.7879143504819,42.404582731323,94.7363436080827,167.603931858264,0.864357988640934,6.35804412053801,45.6326817272862,52.4911551319819,57.427715825923
213.831881827245,53.1980930741865,61.4574929605596,42.6368190445863,102.027091194006,183.853155417413,1.07050255488907,12.8694803828243,40.224736038217,66.2573290027158,56.8449535861556
264.012820603945,75.6297847209315,83.1178968042594,59.5439127777101,93.8751984220315,188.643530892795,2.13843384190129,11.629357905388,58.8892965225821,66.4836346021168,64.1432532205521
216.624824766439,47.5488017864962,50.9827968432837,41.2672499160978,90.4068687089554,178.478543049198,2.72888048870112,6.56516969385778,54.8593057728736,57.9516070098582,67.1964284740726
149.971769255037,39.6752062153846,38.1874612013385,17.3043150816507,96.2204742949303,160.559844699621,0.192836884618672,9.62063071873037,48.7803437536656,38.6828871694143,54.761222268529
181.722397673526,42.2729843852612,54.4905208424474,27.5959064761189,105.825163362253,188.291353730202,2.40652015425217,13.6629976343368,40.2739990890131,68.3682165480703,62.062473936073
207.445129993501,49.9046179490292,57.1047487857174,22.8166932403302,110.563190213606,196.908655678534,4.16688930438461,14.7920138470691,54.3496085796851,52.5925037270516,57.2699313244756
281.223649495815,69.6939887394146,67.3507504870811,53.9538417322882,105.439841934263,169.782828112131,3.3089052232642,15.9108638127434,48.8039199347751,57.6933104312254,53.7925524804195
208.406404618319,54.1225299069275,51.565638515008,50.6903879000213,97.2571990999228,178.609353506361,1.57417322551666,11.316393697317,45.6698947867009,66.3468355371249,59.3114253016898
208.406404618319,52.4282080888911,61.0875335837958,40.4913710972116,86.056136119859,157.540242550274,0.864357988640934,3.31996947448865,52.0517678891746,53.9951462782994,72.5854840206014
180.074082239727,45.2034554736325,61.1510424296525,29.149229390363,99.9328207687346,190.027170919601,1.03985143652589,9.89939911264715,54.4304138683208,53.4012724285456,52.4621594829348
181.904481556512,48.197240755402,47.614003042347,23.4523243825957,108.890667857119,155.943258794608,0.0670640518454276,8.48536225142495,50.2558808013818,58.2834580715055,59.9019853403525
278.117301378904,76.1531687738114,76.2538693625778,59.8269808590932,98.3039239883931,176.647574715842,1.15195135324533,14.8473776960892,50.2518640825206,45.7471432779022,60.5582046265414
233.842284870162,47.0663644738261,58.4933810745361,39.1649554191741,96.9967757638366,169.347261812246,1.7342721761361,10.1713143038241,41.9734278629733,66.3468355371249,51.8360959978277
95.7906180761424,17.931592114891,33.6645216178189,14.7427975828088,95.1149056845247,177.220695441478,0.0262183135007042,8.05068111728441,40.0393367102089,63.987236201781,43.9489081238226
240.604109574958,57.1373920045646,63.1115411501567,47.0573109230448,103.002135133438,198.186589682023,5.12786322988375,15.0871076602783,48.6691272418887,59.8975629697564,48.1994600019899
201.578999663699,39.792926914275,49.4600978949163,32.3600515482521,104.14535227802,183.138655205908,2.10991132408217,11.5185443061363,57.4191215525124,61.6251593821288,68.9698548320847
154.334044492558,39.3393082303253,45.1172957036086,21.3371378171082,99.5011284481504,163.640507888455,1.91742842468799,11.1480617399639,44.1896068113344,52.3578154222292,44.4457530954874
193.847955746882,45.848804845728,52.6213328888314,42.3653649775361,98.4444468021115,183.003394884647,3.48324836887954,12.2474264240532,47.0632649939786,57.3723524162534,54.4956277465006
151.900578409488,26.3522097045273,40.4460954074212,21.2793905317355,105.476427280155,161.632936938947,0.0146712647208638,8.66720090463985,34.1436133455524,58.5702671004023,65.659373024101
161.903870423768,40.0246707837641,46.7922233486664,21.0475458965855,108.684852659652,181.802967079566,2.21211177472543,11.5074811550342,52.2378600075163,62.848411145041,58.2686603451357
179.035466161922,39.8911630272829,48.1859341835663,28.2058570143272,105.476427280155,190.795474265111,0.676646112701153,5.33541378589743,53.8814192858703,62.3297823455906,58.100665383745
149.129204016672,34.5543132099049,39.8542881180189,18.9793366612686,111.192261466119,175.328872248941,2.29307235152359,10.1577620290965,53.4544343951755,58.734676649466,69.4062568932175
232.252496102031,55.5167920806188,70.9791665984144,37.5283467939594,94.6201194676254,181.951642503095,0.818008907943674,7.81828074541652,59.3233400236493,63.0959362749193,64.6207387662172
211.262508733343,57.7515558630559,50.3767027366292,47.7674530650895,98.9693607978959,178.316448523656,2.04367510658559,8.39155538235498,44.9741764705902,42.6174482697538,58.2666491026824
186.032089367034,40.6068428484898,43.9560529921752,20.5915532028339,106.29367752716,176.005588556012,2.65476873263738,12.8585385457739,50.8351857256132,55.3803651465298,55.5936519471668
254.500036575531,66.5097678640151,70.7030549399203,58.0339087481178,106.323623094751,188.925429543361,0.877959663472818,11.6169236413737,53.8850676897355,61.992553102086,58.7300481054144
224.033893137131,53.7425852503679,69.0923053689346,41.9951614306842,101.779689519486,178.487110742043,3.98082863847488,11.6149883701207,51.0678536341715,51.6997779570982,60.0112472554785
168.832539251735,51.8969456533889,52.9909229480068,27.9810996185522,91.564433909212,197.254476649054,0.0262183135007042,10.1418867429329,39.2065246389904,62.8207638332943,55.0787532523006
232.225564715843,58.6412157232796,63.1608850876372,34.9055088733881,93.0625356788638,176.943045176874,0.374777551745148,7.74050560858992,54.0210231255985,49.1369063304732,62.8442548952816
240.508166526594,56.2764469364595,65.8618603100776,37.7094012296135,118.8126194589,194.512544426958,4.042203902161,11.9113231137112,58.8892965225821,67.1671026690415,63.8846854354726
234.639724832525,63.0134058646938,65.6647396099402,48.3134830765132,101.1815057344,188.467816892493,2.3675729646654,12.4087631661037,43.1377974819933,53.2013914958351,46.6987076923908
211.530319649123,46.4214611254054,64.7794693215491,46.8672157535703,91.1391247020941,183.395953345131,0.510789083565764,6.07551758362818,39.3341233707436,53.7383968324674,53.2550141916782
208.468362356665,52.6768964751396,58.2558475305632,29.5468201189788,104.040276373945,169.051550789249,3.43109974889027,10.3984661561862,53.2464638425949,65.4852315334469,65.6007026392284
189.311890180784,47.1665894291426,60.4341341890838,36.6443577685015,90.6012495898366,175.760022016654,1.13004452569403,8.53098831338278,47.4110413521372,67.5036634208048,57.926261005921
189.945345318078,49.3464949021351,53.8908344876572,40.2822075615334,106.240562112163,195.92165922296,2.34290072480559,13.5822912616007,54.2555905071167,56.7494625024984,48.9857312967304
197.953070161215,49.2685662193709,54.7397949052092,23.0920961956582,83.4752945056459,168.036714345079,0.573533073452947,9.30296750721364,47.7531064764313,60.1372114685615,67.1463906629874
185.823524468876,40.0074713373905,54.234019717939,29.4268001192126,86.4881207487486,175.754192764951,1.63428181735934,11.2273890292887,46.4960704537619,51.7720257299065,65.3418461019802
192.878584588725,52.6474388928406,55.27563668229,27.0542454834078,90.3212195541669,199.405692776047,2.44559136012271,12.9194151414268,54.5307718549296,52.5925037270516,65.5432194031004
140.880255536197,43.8546458775818,43.6362379554444,19.4697023863458,87.7969439231073,188.947830170058,3.48626942278549,14.4851901913944,54.1592176790632,50.0309074472139,61.235534452674
278.592487994556,73.0029290312415,83.718892047703,68.8244207157557,96.2845122921021,177.214059570078,2.48524535925544,13.0338845239195,54.0183637027711,68.5428267248435,71.6966589631609
243.48096506889,61.7819627013008,67.8503086648969,55.8615619579766,102.29667752488,181.951730236005,0.398888199975376,13.2520824465622,52.5966813908524,68.1255522769553,57.4472726504357
147.345849918438,35.61933573589,42.3667560089082,13.5513034374133,86.6514046621143,177.179684150677,0.864357988640934,2.98900171444538,53.5079162900043,46.1424252379319,58.1767789346493
177.755171801468,46.0962290443625,50.7608659529993,27.5420060083464,95.5201295788313,173.043536241391,0.978195787148373,9.50323617959726,49.8071785369959,61.071737131515,65.4126431191949
198.541342473912,45.4515354825074,52.8312112268407,22.5046489190196,99.9115842152568,170.042563389165,2.07666642386121,8.79049492214465,49.6529638835902,56.4571641243128,69.5081116171144
223.605881475249,63.0302994326179,54.0951986293329,46.2027989149975,88.4127194152124,177.220695441478,0.864357988640934,7.79133878798073,50.1192839570144,63.507746171955,62.9056918526995
183.626261483494,50.1880912185485,53.4244432975471,24.381844918216,98.5102096432542,178.345567653316,0.510789083565764,6.23980196733934,56.1976544375504,61.2827746873448,62.1202961675699
213.794838850683,59.2765135941259,58.4391556128868,23.5321312053673,108.296555148405,192.689847124787,2.23274238640886,11.5268451013649,51.0132468855228,58.539724548438,56.4535367562913
178.840611526675,48.1635638077872,48.9300568707417,41.4550173830154,105.072376543566,181.142903837508,0.605254248508701,6.52568212758882,56.8419184273225,65.8684156496015,54.2849517557155
206.61325456939,50.3654774973288,48.9645517177699,47.6562422459758,102.083627443809,175.892159246564,0.741473243350897,9.14743729643855,54.4921467929109,65.92706480078,62.9007533860424
257.663613919391,68.2008397280765,73.5434566364863,50.1782657343377,115.553255355679,180.863280161348,2.74193339995566,8.76705369454191,46.864662542858,56.1046522738046,48.5145720111973
190.058998839638,50.6696262498112,56.419876242991,35.7383845389439,99.8266790023586,177.256942077186,0.605254248508701,7.97798489137729,44.3115431674492,58.7164852378849,57.5725074445995
246.109756298436,64.8564136433103,64.0049490125623,55.0030040978249,102.826153359824,185.210719451453,2.12018376225325,11.3549314486511,46.1736920386116,57.8867711602404,61.3323200212639
142.314150343576,27.8170952738388,37.6026119641106,24.1235262639188,96.9783338674617,186.471584371793,0.706826979806187,9.85118535394817,44.7952001431573,60.4580098852383,55.4480869344898
226.323869994479,59.3170766906697,55.2503747373093,45.8918061814092,90.655200697087,178.665226710862,1.90590586463155,13.3695543792545,49.5782194171718,63.313508725416,65.295997244226
178.41359430994,46.0756958820829,48.5172781137783,35.3661907669169,87.7085604788987,164.95575008162,0.676646112701153,1.62333144092795,48.4482642760712,57.4586673488002,63.5731250971782
231.048609876396,58.0302359634008,62.3579360746381,45.8918061814092,104.689977899164,185.366141228742,4.29585505546862,15.7790208660524,54.7715363255641,64.0423947449273,67.16151032181
222.000791813998,57.1101847868678,55.1609755696653,46.2277481031968,96.9783338674617,191.346817284114,0.35721365389469,9.46842718719584,45.77371710005,56.9048648934595,74.0613645116411
206.159221895111,48.28768531726,55.5953586611057,27.0158667008856,106.45163864328,179.042739473646,1.8809803743201,8.17251397683887,48.7760546306307,54.8339957856927,58.5635331826958
189.607566982163,45.4983623645929,52.1343106497191,22.5211299950439,92.2513677657668,169.618291405778,0.727921064736645,10.4709825418164,55.8994152815441,67.1788430379563,66.3692607381427
164.847686124988,38.5762663963632,48.5196642826761,21.5724132649462,100.887079817362,182.029543033962,2.37490470237961,11.1626418386237,50.715557919964,61.59169455362,66.4462582048926
162.182506513672,39.0682186110727,42.4816136921875,21.1237045434378,103.934894818838,188.117642572271,1.47018494297217,14.8616571555669,41.2603522805042,58.547931185298,51.1398760961152
211.789842109031,57.4748285115731,52.0693865680961,45.0913204030238,96.5892702111653,179.852141553185,0.929015656448305,9.68099069133374,56.2917503221962,64.6938573344308,54.4208281199061
201.334502252843,57.8389348346861,64.4340267635165,34.2005187008071,102.863534427329,190.856599360138,2.01655178188322,13.4018560721472,40.7884506582163,62.2939757051316,53.030938857452
205.116330910933,54.477263101811,55.7749908939947,31.397784352462,90.9053846938089,181.951730236005,1.97902880441456,9.17501703709221,52.612363070439,63.7259650107276,65.9479640897781
240.399924101774,62.7505081546756,63.8842588924232,56.7751196636349,107.344721297553,196.984559320233,3.06901534154284,13.7060787056186,61.0166943782177,56.5596934244082,76.1532877948947
273.887521924999,78.18160997064,75.3859851501158,69.3420571868887,99.5574921899997,177.166970895426,1.74162481900862,10.0926644846899,50.5993117223504,57.8284434188757,56.5904355368819
192.989985377254,52.473181958967,59.1360034062191,38.0126554584674,108.799667475871,185.070562517622,4.14897148430528,14.730217358636,51.0440290648812,50.7602997958824,56.6128551147503
78.2659167633212,21.4362095445342,26.7664291748033,13.2988993930685,75.4963388500373,169.782828112131,2.40652015425217,17.8674571170455,44.9074968879217,57.538750135959,45.8031449789017
222.922622218393,62.7996906347289,59.7432784690287,48.8347994540227,93.7604409023683,251.075260340904,0.481940047847782,16.3419587341297,51.1664634623913,65.9669396940564,60.4957131256158
164.744034421113,42.0208209859597,45.6352969733985,23.1144678279695,103.934894818838,184.119006239606,0.8308756032791,12.7509920023997,53.4385729084649,63.2203216483225,55.1672034375146
184.890900286301,42.3280116594721,40.7050900411558,29.8972449039835,88.5067771100849,199.158306639309,1.47109463973371,20.0007787902875,44.3544435703814,68.6256039755917,57.6693290164661
227.090549524392,62.0454763421642,68.7643733459707,54.0952855224976,94.7165824088748,182.249126659971,1.08713142816176,10.6534403832136,43.2604457005829,56.9105378245505,69.9121191241524
175.630036471157,44.78471799369,52.1173374210036,44.7829697949557,94.4417170821541,174.274401155171,0.741473243350897,8.53098831338278,50.8111541379883,55.6433337341013,45.7964196151288
152.692408220113,39.4132367359119,43.973158453255,7.4852514491346,103.934894818838,174.708336661255,1.21633693415562,8.87934896368394,49.2283883310112,51.0724977454466,55.3672887185019
203.95313850588,51.7097584379103,60.1237941695428,38.9820520419729,108.854175029484,181.981762682723,1.07050255488907,10.5079980526756,53.224559437294,59.108581011498,66.4093932545403
186.957111102798,44.471233489852,49.2700029312249,35.3328985482462,107.50045528722,179.093844072463,1.24225593852622,5.91337895889183,56.0604344442982,65.9669396940564,52.0041771601754
223.453942592122,48.2009960148037,50.9750998572516,34.7818935516701,108.240531180503,193.279897846439,0.957755155941732,12.150257291788,39.3341233707436,59.2007508763859,54.3119315259072
205.116330910933,50.9487446053507,63.3023163434191,30.8519420394241,96.9357193628199,177.729434392338,1.73950539718628,11.8096231850915,45.6910705623293,59.1924249367736,61.7408426916484
201.578999663699,45.6264698432394,44.337202714457,34.805151336198,97.8655241706247,180.76313973085,1.57417322551666,10.4687460355799,49.2825911251925,51.4861319991313,63.1791529012245
215.332382230303,46.367541401423,62.5902431524127,37.6473636405586,105.105659453518,158.307725306874,0.291975566209634,8.94857543362588,45.9339857880096,51.62730230352,53.2668674527755
208.685158187088,42.847101025923,49.3082094063267,35.6449769676419,101.693704022897,176.090559843096,1.35394197734493,6.52568212758882,47.7712340124348,65.511526344604,51.8089471626029
212.469280012521,56.448576201099,61.1079408488435,46.1370459039704,92.4041047862857,211.774528998157,5.066324352821,15.2517741687746,54.8408876615654,60.5253663918026,57.3620328975241
245.333873504116,63.0134058646938,62.7211739237225,57.4188856369689,96.1493404731316,200.823666106847,2.46141153187829,10.1551981087318,51.7272940334856,57.579953466262,46.0056625837668
219.600653424707,48.1475236364272,55.5995180245435,30.1745881261517,103.953564087998,169.493107965842,0.727921064736645,7.88584062654035,52.1159559743468,52.3238513168232,51.0429905750269
174.198603870807,44.6751505218498,60.1518682601309,36.8176950074768,93.0455884742815,181.124970994335,0.676646112701153,6.18765188758553,48.4736960505109,59.9324626265337,63.229792025182
234.639724832525,63.0604217808666,70.1755928987321,47.427889772951,105.200775158882,171.400211221647,2.00464069947053,11.8093367454196,48.7995363006474,51.6997779570982,55.0207738810631
243.262550236636,63.241938071686,53.5635078069246,39.5343876530955,98.5191028961342,198.071161199015,0.629442569528732,6.52719315297234,43.2421322455319,60.0051509500664,45.4582348232254
200.405580609943,59.3584253717765,58.958385340567,47.8574381341062,87.9469507606497,164.981920487279,0.0262183135007042,4.53285522476784,50.1192839570144,62.7573854678224,65.943412905029
218.516301595176,58.1388145189872,56.0125034898565,45.8653232160668,100.969443875973,181.611980936777,2.62821356583708,11.5599239624668,62.2020246208334,68.4221215258352,48.1753373326287
168.603297467972,46.7789112267894,42.2083306890934,24.5522437936336,99.1879478603273,182.889040334438,0.102466340927289,6.6529231880709,51.8048575855441,62.8388771463242,52.2911805701419
254.690584307302,65.5127974713674,69.0818936666878,56.6721657975519,100.743041996595,167.136964402325,0.623455725407622,8.08217518244287,41.8140089764011,55.377183825727,55.9325810809361
182.609367588981,46.2668145892818,51.1511323176301,23.5385715275535,115.292703968064,198.096327673807,3.16089178113767,14.2917837084197,47.2446512340614,81.1310046770653,56.8147383839037
294.327755440419,77.8120219048903,74.45665213772,61.7549945052978,97.4921949991155,192.590209571576,1.45690728166449,8.28512097736622,45.0128410900137,67.7858257524391,66.8351010826766
252.022078891321,66.6004816135572,81.0353556387284,55.2073302780315,97.5298724507289,187.729371977668,2.87123243651267,11.727741510757,54.0523439522612,61.7138441384425,66.201279240282
179.042404269928,44.4433570815772,40.1388631960937,28.990772125851,95.6588984606118,183.955945690083,1.15876122079476,12.7082475613756,53.3222519853417,56.6859742990463,55.1081415302971
154.678545194805,40.6076551853397,48.5723455302507,25.7065783119213,103.198085913351,181.526333288887,0.234883613692198,9.3607354766674,51.741665851387,61.4115230112157,58.7400684778681
161.257970107832,38.3291060499267,46.3772619915576,34.9151238657483,117.251105005571,171.20266253071,0.84466793391929,11.1011272466245,45.9762524503742,51.6511200783101,56.2806722525886
194.032540806477,49.4588773814778,59.6827527200379,34.4362104179371,91.8728139066292,176.907683386393,0.0262183135007042,4.9699495358052,52.9169254611519,55.2957947120893,57.1767704024008
186.778781131194,41.1791179267967,49.6283444472739,30.9623066009459,94.6034864866359,167.383484860915,0.751064459373515,10.2047630223894,46.6480231729515,62.8388771463242,59.6107688598082
184.632336930882,47.189214487168,48.5264096408689,40.2736487498941,101.509778535776,173.734341805479,1.97902880441456,7.91131846187079,49.7134718872393,57.6106415275399,50.397337515303
139.795309405565,41.6211682598438,37.6026119641106,21.3254027711295,111.981454319706,191.206176681518,2.16049344137776,11.0930041052296,48.9099742833457,52.9413178287751,40.7149773838927
200.351892847711,48.7519636203391,51.851934067122,17.1398640104163,88.0833312486509,161.949358249593,0.676646112701153,6.95280708400187,50.0634857132768,64.3757807066733,73.0838787803532
169.352307385513,35.0023977620249,44.6790972649147,27.5303903765343,103.132642213253,175.387883358527,1.35394197734493,8.41233154665825,40.7485712226867,57.4586673488002,59.6863168961168
161.226428460685,31.9264497770524,44.025498113311,8.75435319623216,96.8364237052551,192.905448598031,2.33222012703157,10.8314559226429,44.8799513295262,54.4574857018144,56.0260119298523
188.948875769113,40.5834326699923,59.0367864162789,33.5900987569858,89.767110677864,162.873269723618,0.605254248508701,8.65093747925797,43.7765340134261,59.1185494012619,51.2622474896006
233.426730881175,61.481004557211,68.9920846038508,55.699148720972,106.815051510955,199.609267266225,1.80009342005554,11.6695151418725,54.7715363255641,64.4848361295489,67.9243560580894
197.707486819991,49.4507892688525,55.4600724837898,42.7007060982467,102.245549495258,203.206689235229,1.55457196167439,11.5599239624668,59.8267577603245,65.523380194182,71.9720880100607
253.980008204815,55.8171407496267,65.8618603100776,36.9326759558359,104.79395140869,189.503421267537,0.741473243350897,8.38402781864177,51.343861419034,67.6133975175587,57.6344913707557
126.363861902889,34.7586561432281,41.8513927554053,20.8069335617128,96.3511200358208,186.209607760561,2.05181289867389,10.560730493444,53.8801604151964,42.6174482697538,44.2642939563068
201.854297633686,46.089164755416,51.4090278137922,33.5900987569858,113.81342703798,173.9429901042,0.847352555593443,10.0957051496017,45.8919805976679,67.5953647303359,51.4350172038385
216.595436403456,53.4914205783361,57.1157218392251,39.004465043628,104.187005221957,182.63901642741,1.99230576843214,10.1577620290965,52.3007744565004,55.9486128902626,63.614952993274
200.700901192064,50.0824294442891,47.3641846877617,43.6052649648767,86.7333381488345,191.346817284114,0.108387629596613,9.68592930915206,51.5840475260777,59.7456189472067,66.0221975413371
206.037769959249,48.3657832109969,55.93473235361,37.5628966161032,105.355903568315,182.349522422978,0.978195787148373,8.76650809022453,43.1377974819933,54.4703345615695,57.4912948724811
163.904178520894,36.3602379524737,45.6352969733985,21.9929144652255,91.3643177059852,191.346817284114,1.45690728166449,8.70397703435331,49.6383230513525,60.4820621642958,51.4166488222014
171.544716165423,45.9350192701866,52.1979681631627,21.6667890939744,100.189890001845,190.467819895183,1.06388920940439,9.82043405577384,53.1970542491301,62.965129110013,59.8933247305207
173.750930250655,38.0413267616339,44.6790972649147,17.0269342507577,107.981620993586,180.423204017921,0.291975566209634,7.91745233795003,54.3949550003717,52.1944154496658,52.8153671177771
211.962478391533,52.6362072225115,55.2178307946668,38.9281694826664,105.724943743366,206.901306552915,4.17395936728082,13.5547714996781,55.8694009546196,57.2562842277529,67.0217885485804
161.903870423768,31.2268383197176,62.2642654943735,29.5407207263172,107.482146040295,200.218543252953,0.399986776817563,11.1343777741605,37.2337570416011,48.573909117431,45.9096725499865
194.995001607642,51.974781478107,53.9041690777043,19.3461684973568,98.2393299886156,173.564993634078,0.724916935679262,10.6217627706435,54.7442900875765,64.4961012585596,62.7141633779253
205.101608616242,63.0329105376442,60.8142213818817,33.0746546578016,86.448763723226,199.327842773625,2.5500524089962,11.8583490645559,51.1157772785356,45.8777116162285,40.9233693060831
253.677200918879,71.5193332495698,71.5150883862427,57.1095859811477,91.9282967554264,163.667319768958,0.883372510763646,9.60176321651545,49.6651435314359,66.6684445645757,56.5145399042078
173.95588054518,44.6751505218498,51.1511323176301,33.8327295701804,99.3285811148855,170.518553618731,1.51954818054415,9.3607354766674,53.7892766883407,59.9627359484784,52.4799082315984
237.93819763842,62.5177850758145,61.994353691432,41.5905738100927,121.397618179956,209.105059831052,4.98180094429318,15.7193340013951,42.758233218304,55.6642552662967,66.7232963527353
217.326843417844,48.1505708350519,48.9645517177699,31.397784352462,95.3752605984406,172.861063693204,0.988082787005633,10.0270597498845,51.7042009434561,60.1331147201183,50.2693687510988
173.893092779979,40.3200723150289,45.4576293528264,28.3182470308682,107.780249142564,194.601241101785,3.81970718887031,12.9546352760251,29.2788349219904,55.4379511229703,46.0287942947778
197.167351401612,39.358805530107,57.1164908277648,27.6724008983361,86.4561110183818,159.344883729484,0.0146712647208638,5.92799923047198,50.8351857256132,60.7152828661924,54.4208281199061
244.860098204833,63.0604217808666,58.7809186105894,52.4132512210624,92.5508337195814,177.661460259353,1.28783070830709,8.73542323605345,63.8089236930502,57.3874474380619,59.0014089083611
222.953597310166,58.6645355757687,57.3571922640208,48.3134830765132,95.746666520292,183.522430070752,1.50824080105227,11.8096231850915,61.2400318106399,59.4934787334256,63.6155961199967
193.605020253868,49.9320081973634,49.2523223813186,39.9369082569931,112.193883641485,176.359586541572,0.830762403631671,8.93348793550773,30.1752983799331,53.1620678966904,45.9096725499865
173.491764727891,42.0619193561705,57.0770418420234,33.8327295701804,103.077438848904,171.003347096253,0.605254248508701,6.38896395206242,55.7980650107409,54.9612178466443,52.4799082315984
127.322444349302,24.9493136847545,33.6645216178189,12.154783599064,102.773111135503,178.478543049198,0.510789083565764,7.65106747208543,46.7629385307753,60.0034026953052,58.7455290306447
228.497454154096,53.9665373247637,63.2840810709961,46.1370459039704,105.745355028458,178.392310155978,0.891988997794553,8.79049492214465,50.9132721150896,70.7185109250431,53.2395316677728
147.807096297959,37.2482455363174,47.9518018469889,13.1345175809036,97.9947732561842,184.147492200716,2.94516739467639,10.9343438747065,37.2169457019987,65.3901108529488,65.3418461019802
239.305096279112,55.2749487545076,69.0656144898341,52.969615034408,96.4826607297284,185.270618483757,3.32881861725135,12.3540327059511,52.4868446160761,55.5107020439309,56.2737290921536
265.788323984659,67.6249867879724,67.3759419783499,54.7596416939181,94.6861870062402,175.02034213914,0.864357988640934,4.34213972461716,48.2748828527171,48.9027586593222,59.0593963994978
166.644629090983,33.3904151447034,43.9360942906304,6.79099722438178,95.1060732897262,197.773117977072,3.28525025957973,11.9871362300905,53.5597044915691,61.7138441384425,68.3897360724363
211.642677645193,55.0649477634548,54.6345760143774,50.6903879000213,89.0891085698868,147.738504135782,0.0262183135007042,4.87093451354736,50.6267868105201,66.3315937280799,71.9854810747573
173.95588054518,53.6030324440788,50.4547192539021,27.1574452024346,101.957303041881,194.359507548347,1.28783070830709,11.1723819790373,52.2652979118804,62.5239115231024,60.6413798889444
139.524441150387,30.1258356948779,48.0213492324225,22.6842706807247,102.712506885397,164.339455315315,1.88000455241082,11.8114537542191,50.9909875589134,60.2207257416212,66.3676673021006
161.226428460685,28.2918181155685,46.9040733907333,14.0999294681992,95.1149056845247,171.926042443271,0.102466340927289,6.81829356480468,54.1419123283641,51.7096058045501,66.7689827330141
137.353895611241,23.4127220236099,43.8846180847285,16.101569856848,87.846078048694,160.54428486038,0.676646112701153,5.46679608867372,49.9399099525677,62.6966975111679,56.3356172956934
169.386338312559,40.7369714499955,47.0017363678874,33.1432095708035,83.4032420388847,173.959697296365,1.57784946675953,13.4958449571857,48.7158900423921,46.6795947482876,44.2394936377785
130.589360938552,28.6718315520071,41.8513927554053,12.5287248796075,103.695403053391,158.281209380682,0.676646112701153,9.62063071873037,51.8684864415784,69.8878099763684,71.4092825393601
226.988376263942,53.7425852503679,56.8839796295862,42.9986753297548,100.361874328494,193.787389988382,4.042203902161,12.6320048267169,57.0874096332552,59.5407284464801,54.2849517557155
291.260244199072,67.6446163344727,78.7115350444924,62.7851861668782,98.2840480703681,172.720502867255,0.102466340927289,5.62145082714243,53.6516902096197,73.1349173873655,65.8077194658269
140.894532364423,32.4990438915723,39.0404765407637,33.5287301996179,79.8003179457274,143.554980590009,0.676646112701153,6.00450823351597,46.6278605589167,66.6593353294849,55.756304569847
241.975909587227,61.7279609006868,53.4947500881001,47.427889772951,96.4826607297284,194.981949851871,4.01558280754027,14.0257368683479,59.720286516415,56.7057153376849,60.4167016962437
234.096367498819,55.5875158665908,62.8361138185383,48.8809805187899,104.064902632071,196.199146797633,4.17395936728082,12.1822253097442,56.8543935646153,66.4199247745389,41.7425082401424
220.169475222081,51.694577702326,65.8085108440317,37.7094012296135,90.7708500895272,192.756188183098,1.83537923587176,10.6056095612112,55.2729766214778,65.92706480078,56.3810670249501
168.603297467972,42.8702873351287,48.8487555269387,21.1555386435823,85.9887062144016,173.972200535582,2.43697874195149,10.7670306541388,51.2467676147026,57.9904433143396,65.4758418325894
211.386874988665,54.0132228995324,50.6163561336873,42.6368190445863,109.818010326602,275.417278511935,3.3089052232642,14.5682701888002,59.1373482058263,59.2275814831528,54.4956277465006
181.326625203275,49.3357034782282,54.5239014546206,26.6606358270968,96.2828681889633,144.199769158981,0.0262183135007042,2.07994702585522,43.5551693196889,62.3448925722061,53.6761643818242
220.006438585096,58.9621073583243,57.6074363006597,43.5499588450696,96.7643887837397,207.395626028315,2.87045234785034,14.6683397933687,59.1337833959478,67.4518994962337,57.6946246048472
183.223044231155,38.5774524777008,50.963263199007,31.9350815589343,95.5111527091141,167.388878812858,0.343317804193706,8.74204486403151,59.6972273349147,51.62730230352,51.8089471626029
247.395335815572,59.1112461934292,69.4407192020477,45.340928387317,92.8276574678404,191.449125286114,1.03985143652589,9.90542852568845,46.7407791492816,63.4216731126698,53.1371249501839
189.118286505448,46.5486681243893,41.259332847495,41.5896759852074,100.976203272723,180.068689328752,0.770229755420423,9.96168817133018,52.9352630971292,50.6652946671132,60.6301739660567
261.287623552336,71.9770128346884,71.5150883862427,40.986456333283,104.303144873878,178.44513738766,2.85033247296949,13.2316108360037,55.2641501057181,49.9745562734589,69.2617336108192
176.523870076647,37.1529675158549,44.1870461173238,33.0799843434593,90.6012495898366,191.346817284114,0.224549036720068,8.39786100250358,57.8698149792321,66.7354618576233,49.7367689559463
163.347675194021,40.476691895193,45.7658461663363,17.0269342507577,94.6201194676254,181.961488063864,1.03985143652589,11.2675045929017,45.4501954528512,51.7720257299065,61.3370128042233
338.053652603913,91.1834344807999,78.7534365546107,84.8855520567092,93.1816504729609,179.621566281694,1.99230576843214,9.2842390279471,53.6105540858268,56.1716685811507,54.2587033213936
176.236929109047,36.920300685932,46.4053650086833,16.4929996787681,98.7029876729739,172.605908009089,0.0146712647208638,6.76134280432292,40.2753729249286,52.6935667304367,60.5582046265414
208.219889285611,55.3143015103097,56.9511154795198,45.8234529290403,109.706340415815,198.961511790703,2.99993522148165,11.6754080153802,64.546253488005,52.3746538469876,55.1454279345055
218.27583510888,64.3416822563455,67.3260534931579,49.2748933635755,106.611968874458,187.417144647243,2.47861809893474,10.3948192135672,49.4434036441796,61.6863078073271,62.8673760255923
193.847955746882,51.1475414081916,57.0273262190461,22.8078122755823,99.6701507515892,203.978823158764,4.00437687076652,13.5716673097642,47.4110413521372,62.8207638332943,49.9714167092655
220.288984098232,58.1878369631931,62.4092266719571,37.1744172377185,86.4881207487486,178.03314690015,2.25445409895314,10.6733530554778,51.1679569096899,64.3688160592944,61.3416530179931
238.174621493059,58.0302359634008,67.8357089277985,42.0826906746556,109.115980815934,178.03314690015,2.46925990770599,11.6274808322377,45.6582855662266,60.9038422196271,57.3791137835319
206.61325456939,49.4006508155002,52.2445579788753,41.0384850274591,106.26982412928,199.158306639309,5.96653486703642,14.5682701888002,44.9790845952046,54.7293691741237,52.8716095188003
197.484862014183,44.943010918849,60.4341341890838,30.9713314966181,98.6242257735975,186.317326917723,0.0489326711096474,6.58327204783589,50.2558808013818,58.1495736110958,43.8909824391233
181.767131801714,52.1269938929532,53.1566762009066,31.889418594325,102.931152174228,163.137831640913,0.0262183135007042,6.00548271334064,48.8580856027771,61.2039855037129,61.3984260175115
278.117301378904,73.0029290312415,72.7084569421417,71.8586047299362,94.0229189552509,184.119006239606,4.042203902161,12.2218479437519,59.9864427868125,54.17321045191,61.1722228562026
172.705233878133,36.920300685932,51.9894979889405,18.3845060633589,107.554621549266,171.003347096253,0.510789083565764,7.36710500538054,39.4680237709885,62.4115141259391,62.8987175434127
152.409205368994,39.667265774202,51.0972194880102,26.5904929168398,96.2051937892592,188.10782975926,1.38329004647162,8.04180509766593,52.5753994147156,56.9105378245505,69.4544057475751
215.215362055746,48.8292925471331,61.4814410499543,39.8961633019527,101.1815057344,187.407152822146,2.87045234785034,13.9698644551231,57.0838566242726,62.2831531336752,49.8815798375716
207.445129993501,50.8659995552158,55.2316463248147,32.0752186789175,97.3599360288812,195.334197322611,0.752428551374844,10.1418867429329,44.5813434980132,57.3765762977888,56.3415234002307
218.270363347487,51.2530930314021,57.3893012741312,37.0406028285946,105.048699932873,191.760800224651,4.00437687076652,13.0049371272478,50.3343784366873,59.7603623730609,59.4507303399266
173.221869639,46.5269021085915,57.0770418420234,33.5132316716733,96.973173245661,177.124717026875,2.03049947588133,13.1822182643113,60.8723823727087,63.030915783272,61.0614506794828
176.619644032865,39.0662398759482,46.1513214009019,22.6909675631723,91.8144189357461,190.098918152316,0.891988997794553,10.7208035614391,39.8910640952702,59.0241092829514,58.7455290306447
255.423912675815,67.4738762131812,72.0937793210068,60.2860546174745,100.266421599788,184.192922258847,1.80636208794369,12.4239170366409,47.6188763259957,57.8117530249952,60.6850681310197
194.961394367037,50.2304838252139,38.1360300401178,28.1720558800913,84.6277595870906,195.559039608749,3.65887364147493,16.1875977217146,42.6401067530151,52.5101246242541,67.7976625062481
149.067453232478,42.0854653886568,52.7713644332803,13.5827249847201,95.5516671923302,184.52146529477,1.46118650952121,9.41915305659606,50.9909875589134,59.7917096968162,60.0877855732498
200.710947838005,51.6467995013352,49.3062709058092,38.9281694826664,106.262819451496,189.46056374647,2.03049947588133,11.3439419073412,42.0486476228478,41.8565898984356,43.0540022389473
185.771028486178,41.3169631006876,56.9338586906312,29.5638436926476,101.564186028529,179.86888615248,2.25186376465836,12.2284673517032,51.522250939316,55.5617737461771,65.3418461019802
240.055462199281,64.5533245728355,62.9281013401515,51.0657801980683,110.275635151226,177.02958397026,2.88185706093999,10.7117612547351,48.2748828527171,64.3688160592944,55.4866047091434
182.609367588981,50.3917552546576,42.9601032868587,45.84144112949,101.675018555255,158.758311069181,0.0262183135007042,5.85322728249566,45.2108049388339,45.9434118608755,69.6310434745614
233.769551013272,65.2011126611946,57.4526315126415,44.9270961077263,112.426752612808,189.960193693914,5.07688925245747,17.1544139891364,51.741665851387,54.9860453042924,49.6009953321256
180.992515115529,38.4966380113237,50.3075990850342,37.4255790018485,103.225240585856,182.781693973328,0.629442569528732,7.93546852941326,49.2648168636648,61.6606670255873,62.3967096476648
225.747932643909,50.3633746204161,61.4532826762954,31.0991669573164,86.4881207487486,177.192242442937,0.751064459373515,9.15594095047685,39.2517796269539,50.4081692677476,60.0112472554785
170.258745625012,44.6172976345337,44.4006807373317,37.7362008350307,105.324792599513,178.549520984052,3.47712048390406,11.8583490645559,44.7952001431573,51.6762693731741,55.4698211775481
215.981875956267,57.9521310012127,50.9827968432837,39.004465043628,118.311457829611,212.106614325013,2.55476655360308,12.9546352760251,56.1023604243387,73.30948859773,63.8846854354726
168.907998809688,42.1919462922844,53.7791045306908,17.849655237772,90.9007873360221,176.509432535241,1.24225593852622,7.71404942363667,61.3799481791546,56.3560726952471,66.3692607381427
136.892904998188,35.6749465006663,38.8494169171865,9.40645543298097,98.8193340043667,189.860009932661,0.864357988640934,6.81900487548224,42.3143631270085,52.6428731590489,61.4029339713314
277.541010607181,66.3607889679264,76.1425554477621,60.06555692392,97.712046995105,185.260157831744,0.374777551745148,7.62546608426851,51.2645367489003,58.9079437468926,65.5769633856028
229.328892793881,59.3800087362553,58.5542588224574,44.5220504750858,105.784195395656,188.467816892493,2.19159171944561,12.1820617657789,50.5875454583456,59.0397461499166,49.6127599057149
161.17958140374,39.9162221418613,41.1592128259115,20.5629940690023,97.2318511726848,174.69697218763,0.641908579902652,9.770314373463,44.0870953405902,58.7766971465826,57.4912948724811
182.214930649084,44.0660022974909,49.688676553577,30.6400939038989,95.6588984606118,167.283775882783,2.3443970349756,9.76268855178194,41.8608499721615,55.9824084684177,55.1105163169302
152.892747396275,40.476691895193,43.7521660822405,6.79099722438178,101.598837527202,189.451036075651,1.11950612982249,10.696739121078,61.7350662757209,62.2044736012602,56.0870327198479
294.102870304826,70.8374655321892,75.4234095876419,59.9130193563659,101.453757610571,195.819070452161,1.07050255488907,8.33118354040732,60.6819786206693,67.0396147973459,67.2908642939846
255.534249666945,61.1003473527641,64.7814487475177,52.4892973773027,95.8549602945677,165.470388443351,0.102466340927289,8.32479213592927,40.8994657726709,46.1424252379319,65.8664599219545
185.162432671162,51.7312228555909,38.1360300401178,29.3303642892921,104.093520487815,175.662013867015,3.43109974889027,11.0875014356166,40.2739990890131,66.852444777608,54.9937253151259
211.475194542358,56.29380691447,70.5262793965957,50.1279499548819,106.838254739184,195.92165922296,2.69779182924428,14.2401384540469,50.9132721150896,59.0880699129302,65.3418461019802
177.483344796534,42.9200473100766,58.2995550246979,29.149229390363,87.3395227790666,151.933197449525,0.864357988640934,2.29012782614737,52.9279459702748,59.7609033529109,51.5339990664246
177.734763213379,49.2745255455957,44.6369748943988,25.0220330225693,108.260584559572,197.50244218166,0.509692487879474,11.3549314486511,49.2773658692883,60.5253663918026,54.7376551440608
154.120756246585,41.0582100621619,45.3774861881912,13.0108575006784,113.233688037096,176.97656952031,0.102466340927289,6.63378818974227,56.230035991998,59.471989786789,58.9179107329931
166.70086074406,44.1817817752961,53.8594527784254,21.3371378171082,102.940021080251,145.09580636236,0.864357988640934,7.50653690214004,52.5463521008089,67.2847239279891,63.3073001595142
253.586934084539,63.304810659775,76.650644919816,68.888030319362,98.6160451864287,188.051964941503,1.16324464962012,10.8490589156077,44.384797903196,57.6933104312254,56.1222344579673
182.609367588981,48.0705339616024,56.9338586906312,30.8538481378443,85.0460268856206,180.31006873387,0.00660029611917368,10.4977127049099,58.7756916377598,60.5793965178492,49.9055453576711
198.033679244119,51.4964763800736,50.7363485059638,31.4368229709284,100.163351823252,154.775401000904,1.51168641796265,10.3965404032376,43.6396265509435,52.4236052123194,48.1994600019899
220.288984098232,55.6709114052256,70.539367318782,42.3017741432565,108.150483361637,235.236121258203,1.79854788773235,20.2289634605811,44.7788244903666,48.9027586593222,53.5010365701966
277.956252373012,61.8778143845013,62.5399241503983,54.5524103337636,110.987190119557,183.652065393473,2.65159146840563,13.5995806032601,48.8819418332956,61.7969570873914,62.1108293356245
171.225641847758,47.4431684594186,42.2083306890934,33.0065420417489,90.4683519892948,171.739682446405,1.45312753812932,13.2520824465622,50.4905819967631,57.4738307356778,52.9923889385669
167.794176479381,38.0866028141978,45.1648725554345,17.2618295588104,87.6365613921665,175.470667153734,0.510789083565764,9.35392005314117,36.1455200045265,68.6512848270804,61.612521924789
271.605378314204,69.6939887394146,69.0036184823005,62.7851861668782,99.8064570037392,185.981902872374,2.16049344137776,9.29548655971476,56.5806448192055,60.6275368695911,54.9863418181287
180.992515115529,46.4763749774744,48.5594860470009,22.097422226002,104.040276373945,195.333339554001,0.891410330769947,12.1353107374256,53.7185049651761,59.9775205749456,53.749109584171
168.09098239473,41.4778085743714,43.1223732245252,25.6168987695186,107.50045528722,154.708927491798,1.29736380144577,11.2883061052624,55.8431157488604,51.2257456629187,64.0104943856038
161.103750549533,36.7875462619929,49.7108874372491,13.6639270785074,95.3752605984406,176.646124218717,1.24225593852622,7.75816295745573,45.07207763376,52.2931608120775,49.9070373225997
127.635248580714,36.8077126894276,39.2916305607226,22.1989385691294,90.2342448665808,166.432586491272,0.891988997794553,10.7644151896629,47.5366072592402,50.3761833675201,48.427634062936
175.445449212983,44.4460152720892,51.5236222132599,29.2856525977069,109.115980815934,171.739682446405,3.26672462803406,12.3728413498007,38.6455648753764,50.3761833675201,53.324069488866
209.809597793911,61.3607777008922,62.119742245736,49.5837840225512,84.0847072285543,183.828347646036,0.426467677853683,11.1265287176835,53.9522690825791,57.6616619499991,61.0823465246808
254.854956608678,63.0915710717526,71.5150883862427,61.08061035238,102.355627050375,191.081902657709,2.88185706093999,8.39715207328048,56.1023604243387,61.5088563320652,67.1964284740726
225.016773984847,60.6141755069338,58.2711342596008,44.766636621787,106.228700206289,169.051550789249,1.15394356666085,9.85118535394817,50.9132721150896,64.7373059208241,59.6931719113598
185.780238848303,45.488698959084,53.7467071228293,28.1794037699334,106.781742394953,193.136186744994,2.01655178188322,12.6642566558485,43.7278171003934,55.7192860220646,46.6476851153426
236.980662042118,58.1388145189872,45.6793460852655,31.3856927881017,93.7869302141506,192.756188183098,1.69075554261991,10.4453853154292,36.4915784666539,56.7494625024984,52.2187166299451
177.499147774329,44.0022382586024,42.0978764491028,25.4987178788568,116.783840736241,198.962835932487,2.48751359730201,15.7913710967588,49.9469517216848,67.3710093467953,52.4747717785656
167.569269704183,45.0629488510093,46.4053650086833,25.3976507385374,96.8780002721659,177.366661447796,1.24225593852622,9.15078916303417,36.1528204748544,57.5703312577564,60.9492461232056
240.43604794289,61.0358900771331,58.8633857728979,38.3111175979764,116.758057776904,196.491670229165,0.854279392558038,10.9343438747065,42.5360150140044,61.4852749671575,56.8963737791165
140.899766086568,35.5774556041388,44.8215613844518,14.4641823093792,96.2845122921021,169.051550789249,0.573533073452947,10.0826875153641,51.4323281588364,49.8542850435304,67.5836056451288
286.141638391071,77.8120219048903,83.1507480654787,54.4648876011831,113.899261801898,184.461179243496,3.1404076699568,12.4601403112286,64.3202820185328,65.8014872239809,67.7030712712356
192.89391651962,41.5650312096666,46.0138497978274,30.871711594348,100.529164047632,176.022485489112,0.00660029611917368,10.4411959883278,47.1841114802024,67.5036634208048,55.0872506742287
206.163976766991,51.6467995013352,57.8932028645795,39.8937960224739,94.0150589830472,158.37203189187,0.0262183135007042,5.64481997020303,57.5160969049784,58.6094008391245,63.7199056947101
161.275150279459,42.9679189664726,52.2404396848936,30.4538039624941,91.6730596110112,174.981171907651,0.864357988640934,5.73814198885408,44.3995341808623,64.6631729312998,70.9185572062241
176.523870076647,36.2177206818056,46.2543033086544,24.0311900553578,102.740902659632,205.518070647149,4.14897148430528,14.2010283818073,59.7122639226017,70.8063331632559,55.0712065960163
144.389779772894,37.2711444056162,42.3667560089082,19.4419362577025,101.509778535776,200.291569495031,0.994114116927569,9.89010732217004,49.8787266578213,53.9508244214443,61.8416824176388
190.829355683894,57.3952395415189,49.6283444472739,32.0752186789175,106.734680715293,200.098723139108,3.348205790526,14.2010283818073,41.7271208065045,57.9181430383605,55.6216383259906
231.54407447928,58.3847178128508,58.2711342596008,47.9768658096658,105.105659453518,179.460158842708,1.15876122079476,10.1237298006973,50.9574151759164,51.4362498128666,54.9796336811059
225.720843492955,50.8588828397793,56.5310645270415,45.142552714794,96.4662997181491,173.564993634078,0.398888199975376,9.9269302137107,45.4190882506035,62.5400686391603,58.7786070331778
166.158416711868,37.4373331441828,48.5210282303953,22.7641006465708,99.8773842280406,177.803896674456,0.283562190484491,8.66715424416148,50.5093437446368,54.0210828659189,62.2431949191065
163.499515025934,39.9626549234375,46.5404659179817,24.7506288720576,93.9234092611182,163.646496474439,0.689544060981046,8.79839694087674,48.6975250303061,60.6330149815358,54.7815965899813
174.278164063158,48.5284240002575,46.7310485870932,31.91905256217,93.3355025118127,177.820086436465,0.605254248508701,7.33538415216615,62.1333599156616,60.0421786302136,64.1527358461118
264.055627992033,66.8197702971441,69.9716988850888,45.2320001723505,92.667092192317,180.382526334412,2.63571052069844,12.8312470531639,46.4317034933562,59.9445441068426,59.9904106192771
149.490079998554,36.1900427230753,51.8437992529095,17.1560636360996,100.843414132017,157.540242550274,0.864357988640934,4.02003489839815,47.3077935729858,67.3307853260036,59.0415089409049
200.070110763012,50.9487446053507,58.4441935863409,36.9879327091851,87.7969439231073,193.827880481801,2.72888048870112,7.65158185666699,51.9540191710936,60.4712898012597,59.6059607131456
272.948445887824,69.8385723160327,74.1497213500772,57.4554632417712,104.689977899164,183.638624662102,3.50030729927635,15.9317216413029,56.2833905076914,60.8054479877993,57.2082001629059
181.498928903301,39.4269685885809,46.5670406759866,32.1291949235676,113.233688037096,168.768583851696,0.741473243350897,8.08884920579777,60.0359597423219,66.4136598013942,56.9193352712062
160.774608474108,26.9905524649878,40.2411737562736,17.8355176356202,99.2159363765615,172.659098806747,2.03049947588133,11.8709025939313,60.9038097100386,74.2658237478017,55.6187040296856
180.074082239727,49.0883169272718,57.4264058043438,24.4463047078838,100.361874328494,198.671718606739,5.97641902386069,12.3884195145197,58.6602380514764,55.2957947120893,57.8234118359494
219.662778698742,54.5721205368501,60.7607798991919,34.7868852267515,89.8622192323165,181.436661633782,0.108387629596613,9.8653849601392,38.764880184726,57.9375341233918,49.9070373225997
188.630701002216,54.5848608372213,48.581349340507,29.7628634997122,87.6523999203097,191.033480734594,2.55385314088706,12.7041805735524,64.546253488005,55.0555001949192,54.2106368318701
164.035442308405,43.987780379216,53.0102073579729,24.8312384913909,104.16290643516,161.866052735651,0.605254248508701,7.64707464207668,54.0447590542579,63.1651874681573,59.133507277116
197.707486819991,51.4931995911945,52.0046871333038,36.6443577685015,105.106641095845,200.778279377631,2.57808239446882,13.8423780724234,47.6741690562091,65.3878045313447,55.1672034375146
206.600038220131,56.9231435468636,50.5513986948617,45.605574407706,92.15558452241,197.109308184135,2.25143887773132,12.3506636694453,44.3433322688444,64.3151445411317,52.9890037771073
286.197761366074,70.4830596451363,74.9429653741404,57.360995140319,117.516463167606,200.141444939384,4.08875341862205,14.7457974658504,47.22607276391,69.1426678950023,69.0477334264999
190.33713771803,48.0596689101735,60.2760922009683,34.7817147686069,99.0722854406664,165.353644130079,0.929015656448305,9.22629623907651,48.6733730996762,59.0834703236176,49.9406272122944
239.660032833425,66.3421712625441,67.929038566054,48.57660368041,106.814666148327,182.524644936511,0.832155225963412,11.8946990820121,48.1664810132694,65.5706431602059,57.7665534974813
206.163976766991,63.0329105376442,61.7406178360747,46.2810373906186,96.7168888756056,179.621566281694,1.23267284168054,10.83464218944,39.0922386395717,60.423794430791,58.6951576169559
182.612163344019,51.2923961010792,50.385120533777,34.6363892630167,95.7143245755034,181.958837143604,1.23267284168054,8.97734145730723,40.7485712226867,64.4426242976961,56.4789174889915
127.17708563701,32.0306071720901,39.2916305607226,15.8622682308975,95.1643598103134,173.265802242212,0.676646112701153,7.46291785834744,53.5277018784194,62.7573854678224,63.4420655166794
180.088821906618,38.6060088392149,43.6021305694879,34.0691220569783,99.3810336102081,235.900866089416,0.481940047847782,17.7067156556203,45.40055706456,62.0499036539232,60.9492461232056
179.967584735304,48.197240755402,42.4142727208272,23.2858795874436,108.224335898456,180.292352666879,2.05865225597224,11.6274808322377,48.2446837033054,56.8266119542449,60.6301739660567
195.788664276552,50.3917552546576,54.1671997710696,19.3461684973568,108.412584776109,182.687112437929,0.883372510763646,10.696739121078,53.2909102850682,60.6330149815358,45.2089927482007
258.275884670235,71.107447009942,69.3130501792293,55.4812882143039,103.163759170794,194.095816690078,0.877959663472818,12.8585385457739,46.3625566417891,46.7508838993791,56.9056287718751
278.592487994556,78.18160997064,88.5698608130112,64.7087521387636,100.60208823146,157.539565099791,0.0489326711096474,7.15999188033254,51.5823555114186,69.0153384813707,53.2836243753768
227.090549524392,67.9657788317558,64.4951532017735,36.9326759558359,102.758766989448,182.906591635296,1.05441499997467,10.6785341652836,59.574468903912,59.3264782123205,67.1964284740726
200.827257562741,49.1607034079696,54.234019717939,32.818761201055,126.1756396653,188.467816892493,1.15195135324533,14.2435654090486,39.4650231032719,50.7685936060232,42.0522939981355
140.288975949626,32.8445983846197,42.0467268516272,14.993988023426,97.1614872001432,193.481144649963,2.10561868592524,11.727741510757,58.8399077375843,59.7659557647134,54.6399580301359
170.052909764297,39.667265774202,56.0634189159956,17.2618295588104,107.569683222741,177.410571287077,0.192836884618672,8.44210805935888,54.2532336971746,65.340443477168,57.6344913707557
206.037769959249,47.9090563702284,55.9179518027647,32.6300642022527,98.4624295277061,161.413738392064,1.09186068497503,8.13820976913896,44.9790845952046,65.4164427039099,69.6744734259604
242.458389158618,60.9020478732059,60.6951134853378,50.4623828785212,100.861723709195,189.428456881866,4.05376346548113,10.964573280194,45.5868986046859,62.9237602195943,56.0462396506305
243.262550236636,53.3609008909524,62.8398935084163,44.2895069551084,89.4533273225181,158.281209380682,0.0146712647208638,6.40995138939829,41.9825929159595,59.4355009818202,53.2630068302271
231.048609876396,52.7801061192578,70.7601345423184,38.3111175979764,95.8673935615473,165.353644130079,1.01183810881316,7.80087448319741,46.6278605589167,67.2770054090656,52.5368601401405
147.458850463147,33.3190681504975,43.7813538572011,13.3676685801136,113.02061067447,169.516399302584,0.312477372643878,9.17801626454293,40.7485712226867,64.5163167093867,66.3368498445217
230.761672344261,53.7425852503679,52.8292631152062,47.0150718093809,101.485288896793,170.148761019445,1.24498672051252,8.15210011267487,68.6345922434315,68.4148182069294,66.539914345876
196.672805631584,40.627151492449,59.02172747295,20.7557658713321,108.932091745179,201.43820842448,3.52591262576453,12.9067909918854,63.9951209608884,70.7601031498759,68.6073034812782
204.599781644097,45.7493542547522,60.1237941695428,43.1730644089444,109.577704493039,177.420347311723,2.03113745209211,13.4715668231484,48.8933060781777,53.6392506165239,66.6723699871546
203.241904129499,48.7324719340686,55.6498196649645,23.0277240090576,116.937150289921,176.335808634136,1.04856336546644,9.68099069133374,47.6831443565848,65.5262956310667,66.2229008197146
187.187965468769,44.7157196263668,57.6845922266179,36.0383734931865,100.60208823146,170.63600960365,0.0262183135007042,4.5198842932089,56.4328649804719,65.3683506292231,52.5368601401405
193.341286010972,49.8968472868503,54.5239014546206,30.6237801282251,88.7121850605156,189.161948024054,2.07666642386121,8.47401034797765,56.2833905076914,55.0237397607682,51.7584565340106
132.96925559224,34.6417441614641,39.2916305607226,5.51480660589888,88.7987707458972,167.466672758503,0.0262183135007042,5.36870130710799,43.0215331347268,60.1701547565762,59.9904106192771
221.884891099452,61.2822757379787,59.7432784690287,46.2027989149975,98.5191028961342,172.391981182682,3.08938183010919,7.54660721525812,43.7412499079159,53.3451721523007,53.441921367137
209.097571740594,54.0347331594993,59.0637627147411,40.3372502831237,86.6514046621143,143.554980590009,0.510789083565764,6.11798494239118,60.3087788727874,54.4574857018144,58.9266076831456
187.187965468769,52.5444802334405,48.185361666944,31.3265427279178,112.054851972382,171.740774107749,1.50269589051703,9.64919610508413,63.3322234970604,52.7414004854926,69.6469503920467
205.600299601947,46.2538154875425,56.1432230465336,33.6918064085827,92.0125277555593,181.124970994335,0.676646112701153,5.73814198885408,52.3089790291669,63.4248255713254,62.8493857601178
215.915318995022,54.0747765469449,61.6483515755745,22.5916977548565,102.388916141247,182.249126659971,0.234883613692198,12.4853298497893,41.2603522805042,57.6616619499991,61.235534452674
202.522893761622,51.0667428185193,60.1376510833304,30.3087546517697,111.199665611518,178.216524799184,1.69707168042662,13.6907709319566,44.7788244903666,62.6984618402586,52.7538715703463
258.645902108087,62.2792932985074,75.7936942530174,54.7596416939181,94.4121214532815,162.602165798912,3.52591262576453,12.7082475613756,56.6159096651706,47.6604742528602,51.670202834864
208.550554454759,57.3952395415189,47.9381438073322,27.4671255614665,101.033174054489,164.657982645676,2.04568710550241,9.85118535394817,61.28366423229,57.7860215114276,54.8391349453479
178.150830805291,53.2615013861495,55.6381073595579,31.0877260069828,97.7040732134735,170.090629525348,0.864357988640934,6.5508838705542,50.7793651909341,59.9948820623735,56.4018177026786
229.488103610554,61.4730879737769,66.9603155653407,53.6764599489239,91.7363189317679,175.240926927682,0.0146712647208638,1.99486419745726,44.8145058718174,63.606325885826,52.5368601401405
265.139123730439,61.8778143845013,60.6667538858886,39.5343876530955,96.7195309898155,202.174509521039,0.8308756032791,10.0383610954488,53.4828971893837,53.0494023361218,57.6855116412565
271.949124240662,62.2792932985074,75.1222426160569,44.465892532073,110.353947298277,183.387082752921,2.56168479320281,11.9286702013865,49.2090703546756,54.2745751621139,59.6055662361886
177.038006073162,51.635159061149,43.7654345108867,24.3948944726211,102.644234530515,169.588743523967,0.398888199975376,10.9174338303864,47.9123150785978,69.2947860777297,67.7137038683899
273.983850978535,70.6648422168039,76.3515471000491,59.8269808590932,101.711393381287,177.420347311723,2.03831169496213,13.2612628451341,55.4737291064177,66.6610019682596,58.4638972061763
198.543026406693,49.3464949021351,55.2702538359936,30.6294237095981,85.6639874837235,177.98717185903,0.629442569528732,8.47780941866439,51.2467676147026,60.0883545055779,64.3690995961116
267.510586794676,71.9770128346884,74.1497213500772,53.3576037113962,106.424926181953,157.099545205008,1.06388467585265,10.3348722636844,51.4942403510686,63.9480411168824,60.4263742917368
150.784473501483,33.9811629049193,38.4973318454349,15.1859222135578,102.303181057127,164.243052363837,0.0262183135007042,4.5198842932089,52.3741434618881,63.313508725416,51.8745170813697
198.680421354332,46.2538154875425,58.6407006907119,40.9011358311622,115.789847099223,185.436010494141,3.84582776081352,12.9067909918854,52.2652979118804,66.2366039314336,59.6508564474654
263.025253098572,68.0662806151761,64.203234111748,54.4699123055467,115.670634551505,189.939731065773,5.22339036590536,14.9528164812458,53.8814192858703,63.0251861937568,53.8334612459764
